,repo,os,days_needed_to_remove_min,days_needed_to_remove_max,introducing_commit_id_first,introducing_commit_id_last,non_performance_candidate_commit_id,commiter_fixing_date,releases_pre_fixing_commit,issues_pre_fixing_commit,open_issues_pre_fixing_commit,closed_issues_pre_fixing_commit,mean_code_frequency_addition,median_code_frequency_addition,mean_code_frequency_deletion,median_code_frequency_deletion,patch_total_modifications,patch_total_deletions,patch_total_additions,Main Language,LOC,Contributors,age_pre_fixing
0,https://github.com/antennapod/AntennaPod,android,17,17,76f1f705,76f1f705,425dc708,2012-06-24T16:20:26Z,0,0,0,0,1121.849206,265.5,872.9391534,122,2,1,1,Java,4927,3,189
1,https://github.com/antennapod/AntennaPod,android,8,11,d8a9d68b,e8b9e49e,ae09dbff,2014-03-28T19:17:15Z,40,385,9,376,1124.125436,210,956.5993031,100,69,28,41,Java,42200,26,831
2,https://github.com/antennapod/AntennaPod,android,0,9,54489832,b038f3c8,162e1d4f,2013-12-30T00:23:47Z,37,331,7,324,1112.411371,210,929.4849498,100,10,6,4,Java,37210,24,743
3,https://github.com/antennapod/AntennaPod,android,425,425,09c47368,09c47368,c097b672,2015-09-26T15:11:48Z,58,1223,47,1176,726.0239234,86,597.722488,47,34,16,18,Java,56050,51,1378
4,https://github.com/antennapod/AntennaPod,android,9,680,cc3863d7,4f84ceff,97827cde,2015-07-12T21:03:20Z,54,1008,39,969,737.2465753,101,614.6484018,71,10,5,5,Java,56115,51,1302
5,https://github.com/anthonycr/Lightning-Browser,android,12,172,74a75d4a,b2794b9d,3833fdb4,2016-03-05T04:00:51Z,7,379,104,275,883.6774194,73.5,843.1129032,16.5,79,22,57,Kotlin,19310,55,1119
6,https://github.com/anthonycr/Lightning-Browser,android,19,127,969cab81,006eb5e1,de2d0b2c,2015-11-23T03:06:15Z,7,337,78,259,857.04,76.5,800.19,17,34,17,17,Kotlin,16820,55,1016
7,https://github.com/anthonycr/Lightning-Browser,android,30,34,94b69fd3,34312bb9,2a4b636a,2015-11-21T23:21:58Z,7,335,76,259,852.8756219,76,796.2985075,17,12,5,7,Kotlin,16806,55,1014
8,https://github.com/anthonycr/Lightning-Browser,android,11,11,8bead204,8bead204,d17049cc,2014-05-09T20:01:13Z,0,78,2,76,1439.893238,93,1213.843416,35,35,8,27,Kotlin,10412,25,453
9,https://github.com/anthonycr/Lightning-Browser,android,22,221,969cab81,e2d46bda,486078a7,2016-02-25T00:15:01Z,7,377,103,274,881.6363636,76,839.1871658,17,79,26,53,Kotlin,19227,55,1110
10,https://github.com/anthonycr/Lightning-Browser,android,417,417,f06170eb,f06170eb,f98f4522,2016-02-21T20:11:45Z,7,377,103,274,881.6363636,76,839.1871658,17,4,2,2,Kotlin,18066,55,1106
11,https://github.com/anthonycr/Lightning-Browser,android,31,141,a03444f4,3cb576d3,4e3193bf,2015-10-31T00:43:15Z,7,319,69,250,844.4852941,73.5,785.7352941,17.5,44,24,20,Kotlin,16688,55,993
12,https://github.com/anthonycr/Lightning-Browser,android,8,818,8edc7aa3,8169294c,80ac1928,2015-10-30T03:35:58Z,7,319,69,250,844.4852941,73.5,785.7352941,17.5,40,17,23,Kotlin,16661,55,992
13,https://github.com/Antox/Antox,android,0,58,dad2b0a2,e5ba9a34,21a396a0,2014-08-08T12:13:40Z,4,0,0,0,345.7238806,0,269.0559701,0,107,26,81,Scala,8802,46,194
14,https://github.com/Antox/Antox,android,7,103,3fd4ecd1,b173069e,ac316b78,2014-06-24T17:31:27Z,4,0,0,0,349.0620438,0,268.9562044,0,53,21,32,Scala,7837,44,149
15,https://github.com/Antox/Antox,android,0,0,1a7c1a9e,1a7c1a9e,335e716a,2014-08-11T19:41:42Z,4,0,0,0,342.1348315,0,267.411985,0,4,1,3,Scala,8968,46,197
16,https://github.com/arpitkh96/AmazeFileManager,android,34,51,1d2d5b3e,ea051208,dd1c93ac,2014-12-13T14:25:19Z,3,53,0,53,2114.544,521.5,1666.808,235,400,205,195,Java,11704,8,342
17,https://github.com/asksven/BetterBatteryStats,android,127,127,ab4d35a5,ab4d35a5,4b41a96b,2017-09-05T09:42:51Z,139,803,56,747,115.7757009,0,118.1028037,0,2,1,1,Java,30187,1,268
18,https://github.com/BennyKok/OpenLauncher,android,2,40,8d5054e4,58d826e6,5a3f8534,2016-09-12T14:28:03Z,0,2,0,2,1023.025316,63.5,941.6265823,23.5,398,168,230,Java,9735,3,43
19,https://github.com/BennyKok/OpenLauncher,android,0,15,60d83444,58d826e6,7b2cdd51,2016-09-10T02:20:32Z,0,2,0,2,1054.308176,64,971.1383648,27,122,20,102,Java,9613,3,41
20,https://github.com/bitcoin-wallet/bitcoin-wallet,android,545,545,355e0cac,355e0cac,9c19ff32,2014-04-06T18:26:06Z,40,65,6,59,299.7859649,48,245.8877193,25,15,8,7,Java,24314,13,1127
21,https://github.com/brave/browser-android,android,6,6,508c3840,508c3840,05875ec0,2015-12-04T05:04:26Z,33,624,84,540,58.66331658,0,41.30150754,0,123,59,64,Java,30978,5,950
22,https://github.com/brave/browser-android,android,1,1,2b7c9660,2b7c9660,508c3840,2015-11-27T20:47:58Z,32,619,81,538,64.595,0,43.3,0,11,2,9,Java,30516,5,943
23,https://github.com/brave/browser-android,android,3,3,689c0cde,689c0cde,31003d94,2014-01-30T03:28:18Z,0,247,5,242,964.5220339,0,719.5525424,0,2,1,1,Java,16900,2,277
24,https://github.com/brave/browser-android,android,0,0,8e5096c4,7adc2d7c,56514318,2014-01-19T12:40:22Z,0,155,3,152,968.4560811,0,720.0743243,0,20,9,11,Java,14646,2,266
25,https://github.com/ccrama/Slide,android,0,6,b2cd4d9d,cb390cc6,f5ee5fd2,2016-03-09T00:54:15Z,27,1160,3,1157,1311.621622,70,798.5243243,39,7,3,4,Java,55986,37,164
26,https://github.com/ccrama/Slide,android,75,85,c9844f17,b0efb75a,149acb79,2016-02-07T18:36:46Z,23,965,2,963,1484.830688,98,918.1005291,44,21,6,15,Java,48287,32,133
27,https://github.com/ccrama/Slide,android,0,65,6bb5e728,e9c718ef,eaff6777,2016-03-22T20:24:12Z,33,1223,3,1220,1256.677596,69,778.0546448,35,43,14,29,Java,61802,37,177
28,https://github.com/ccrama/Slide,android,0,183,b2860bcb,6200724,f3fe9ece,2016-04-26T21:20:27Z,62,1577,3,1574,1059.219101,65,620.3876404,25,109,58,51,Java,72769,44,212
29,https://github.com/cgeo/cgeo,android,1,32,3a311f2a4,d44ae263b,651126c35,2011-08-12T19:42:45Z,0,171,4,167,2150.896226,588,1611.681604,299.5,96,75,21,Java,38650,17,33
30,https://github.com/cgeo/cgeo,android,12,483,1f8a55734,c8cdc987c,43c38951d,2014-11-03T21:27:51Z,71,4465,142,4323,1270.290196,345,964.2235294,174,10,3,7,Java,113292,47,1212
31,https://github.com/cgeo/cgeo,android,80,813,774a5ab29,a4deb343a,aa636ae77,2015-03-17T08:56:34Z,79,4745,165,4580,1286.254237,336.5,983.0889831,142.5,31,14,17,Java,121465,47,1346
32,https://github.com/cgeo/cgeo,android,404,404,0b86d40ee,0b86d40ee,cb868437e,2016-10-06T15:05:46Z,100,6023,289,5734,961.3032258,167,842.4903226,94,2,1,1,Java,149824,47,1915
33,https://github.com/cgeo/cgeo,android,6,6,393e0efc7,393e0efc7,bcb2a1351,2011-07-31T13:56:55Z,0,77,0,77,2164.941176,595,1615.465882,304,9,3,6,Java,38417,10,21
34,https://github.com/cgeo/cgeo,android,1,14,3a311f2a4,a04fd7b3f,a20eeb259,2011-07-25T20:37:39Z,0,48,0,48,2166.615023,596.5,1616.481221,305,187,9,178,Java,37478,10,15
35,https://github.com/cgeo/cgeo,android,6,6,45e1a0dc3,45e1a0dc3,4ca91a45a,2012-04-24T21:21:49Z,15,1442,27,1415,1543.459948,473,1078.878553,264,4,2,2,Java,63251,47,289
36,https://github.com/cgeo/cgeo,android,64,210,4f7c67407,0679e76ce,948c8b87c,2012-04-12T15:31:11Z,15,1397,26,1371,1559.066838,483,1098.218509,270,42,27,15,Java,63566,47,277
37,https://github.com/cgeo/cgeo,android,0,0,9f1678c69,9f1678c69,6fde65ea6,2011-11-25T16:45:20Z,12,835,20,815,1613.718826,534,1123.261614,287,2,1,1,Java,56913,38,138
38,https://github.com/cgeo/cgeo,android,14,14,3a311f2a4,3a311f2a4,c3fcd614d,2011-07-25T21:14:01Z,0,48,0,48,2166.615023,596.5,1616.481221,305,2,1,1,Java,37478,10,15
39,https://github.com/cgeo/cgeo,android,23,23,7789de675,7789de675,d5bde1944,2011-08-19T10:57:03Z,0,242,6,236,2131.553191,581,1598.496454,295,1,1,0,Java,40570,19,40
40,https://github.com/cgeo/cgeo,android,216,216,5fc5752e5,5fc5752e5,eb20785a1,2012-11-18T11:17:50Z,23,2171,44,2127,1583.154062,483,1115.910364,278,2,1,1,Java,72651,47,497
41,https://github.com/cgeo/cgeo,android,0,15,3a311f2a4,a20eeb259,7789de675,2011-07-26T12:13:25Z,0,50,0,50,2166.615023,596.5,1616.481221,305,90,35,55,Java,37497,10,16
42,https://github.com/cgeo/cgeo,android,513,513,564960153,564960153,3dfb1b3c5,2013-07-09T22:22:39Z,38,2968,66,2902,1438.62037,439.5,1024.046296,241,2,1,1,Java,90974,47,730
43,https://github.com/cgeo/cgeo,android,0,0,afb9a8920,afb9a8920,082cde2c6,2011-11-15T22:10:33Z,12,798,20,778,1619.846341,537.5,1129.192683,288,24,12,12,Java,57003,38,128
44,https://github.com/cgeo/cgeo,android,5,5,20d2bdbc3,20d2bdbc3,05dfbb7b0,2012-05-10T14:17:02Z,17,1538,28,1510,1523.61039,468,1061.223377,262,2,1,1,Java,63646,47,305
45,https://github.com/cgeo/cgeo,android,2,90,b4eaf6667,bb529cdaa,71c9868e2,2012-02-21T20:06:52Z,14,1153,23,1130,1592.007576,511.5,1100.530303,274.5,9,5,4,Java,58764,47,226
46,https://github.com/connectbot/connectbot,android,1,341,d6764b77,cb8a0cf9,c394e79b,2008-10-27T15:58:43Z,0,0,0,0,559.6660808,0,406.3391916,0,370,84,286,Java,19011,2,2738
47,https://github.com/connectbot/connectbot,android,124,124,cbf1af86,cbf1af86,e55e512c,2008-12-30T00:03:27Z,2,0,0,0,539.0178571,0,405.6321429,0,2,2,0,Java,28637,2,2802
48,https://github.com/connectbot/connectbot,android,0,139,cbf1af86,e7fb9225,1322b465,2009-01-13T17:44:53Z,2,0,0,0,540.3405018,0,406.6917563,0,80,69,11,Java,28632,2,2816
49,https://github.com/DrKLO/Telegram,android,1,233,4622ba91,a87968ce,358a067a,2014-06-16T12:36:54Z,0,146,7,139,8451.025455,0,3863.636364,0,629,231,398,Java,218057,6,239
50,https://github.com/Evisceration/DeviceControl,android,30,109,7e0f7d61,139f4c45,0df99ea5,2014-05-09T11:18:20Z,0,0,0,0,600.8113879,0,546.0569395,0,174,90,84,Java,22098,6,131
51,https://github.com/Evisceration/DeviceControl,android,7,7,2809aafd,2809aafd,12d5baae,2014-01-12T01:16:01Z,0,0,0,0,848.7508418,0,711.040404,0,4,1,3,Java,4942,1,14
52,https://github.com/Evisceration/DeviceControl,android,11,124,eda3bd37,ecb1f762,677e3dbb,2014-07-31T19:26:52Z,0,1,0,1,479.7843866,0,459.2936803,0,22,6,16,Java,29252,6,214
53,https://github.com/Evisceration/DeviceControl,android,6,151,f470ff62,0dd2de6a,e3d0d6e0,2014-10-14T14:13:49Z,0,1,0,1,332.6976744,0,324.7170543,0,20,7,13,Java,31190,7,289
54,https://github.com/federicoiosue/Omni-Notes,android,1,1,948d62ac,948d62ac,556da06e,2014-05-15T19:24:32Z,43,4,0,4,577.7892857,54,488.9607143,27.5,8,2,6,Java,21911,1,200
55,https://github.com/federicoiosue/Omni-Notes,android,0,133,d63548dd,bdedce30,2052a6d7,2015-06-09T00:27:33Z,71,173,18,155,226.9821429,13,168.3571429,7,45,21,24,Java,28880,1,590
56,https://github.com/federicoiosue/Omni-Notes,android,0,0,4f785d9e,4f785d9e,cf7c2b62,2014-09-22T17:59:19Z,60,52,4,48,435.8965517,40,357.8429119,22,4,2,2,Java,26230,1,330
57,https://github.com/federicoiosue/Omni-Notes,android,0,57,71a83ca9,a34bc520,cd11faf6,2014-04-11T23:23:43Z,34,3,0,3,622.6175439,56,522.1824561,32,191,108,83,Java,19845,1,166
58,https://github.com/federicoiosue/Omni-Notes,android,0,0,30b1fc80,f6adae87,52fd3475,2013-11-14T10:32:43Z,1,0,0,0,947.3202614,80.5,755.8823529,49.5,56,18,38,Java,2078,1,18
59,https://github.com/federicoiosue/Omni-Notes,android,0,3,12ae2409,801ce414,5ec0c680,2013-11-11T15:30:08Z,0,0,0,0,947.3202614,80.5,755.8823529,49.5,7,3,4,Java,2012,1,15
60,https://github.com/federicoiosue/Omni-Notes,android,0,86,6b762d04,e330dffe,ade53f34,2014-04-04T02:07:40Z,32,2,0,2,629.972028,56.5,531.5664336,32.5,34,17,17,Java,20054,1,159
61,https://github.com/federicoiosue/Omni-Notes,android,1,87,9a673a68,87157a2a,424bd42c,2014-03-27T17:51:49Z,31,2,0,2,640.7944251,57,537.4878049,33,474,287,187,Java,18818,1,151
62,https://github.com/geometer/FBReaderJ,android,2,50,cfa3b09ce,046e89d27,885994370,2010-04-09T13:05:33Z,0,0,0,0,1687.226721,108,1096.797571,40.5,468,173,295,Java,76234,7,915
63,https://github.com/geometer/FBReaderJ,android,0,11,c7e52706a,d1f7d2d0c,554ed2448,2010-07-09T13:44:19Z,0,0,0,0,1593.923077,93,1005.137214,36,39,14,25,Java,83584,7,1006
64,https://github.com/geometer/FBReaderJ,android,0,39,5083a118f,881d1a3c8,0fb5237da,2007-12-06T19:13:10Z,0,0,0,0,2061.925325,102,1333.962662,33.5,59,10,49,Java,10249,5,60
65,https://github.com/geometer/FBReaderJ,android,6,6,8fd74dbe0,8fd74dbe0,cffefc3d7,2011-12-02T21:36:33Z,53,17,1,16,1353.526961,4,799.5759804,1.5,4,1,3,Java,103374,7,1517
66,https://github.com/geometer/FBReaderJ,android,0,27,a92a6b1a7,d231e91d5,622446c31,2007-12-08T17:57:11Z,0,0,0,0,2061.925325,102,1333.962662,33.5,244,14,230,Java,11061,5,62
67,https://github.com/geometer/FBReaderJ,android,0,0,7a582f8e2,7a582f8e2,8628c5b6f,2010-05-07T12:39:52Z,0,0,0,0,1576.746939,97.5,991.877551,37.5,2,1,1,Java,80798,7,943
68,https://github.com/geometer/FBReaderJ,android,0,1,d04eafc31,d92e71326,dc26efedf,2007-11-23T11:51:50Z,0,0,0,0,2081.867314,103.5,1345.569579,35,18,6,12,Java,6701,5,47
69,https://github.com/geometer/FBReaderJ,android,35,145,ea4673eed,d39563e28,c3fba9899,2010-09-06T18:26:32Z,0,0,0,0,1610.485169,78.5,1016.432203,31,154,19,135,Java,85782,7,1065
70,https://github.com/geometer/FBReaderJ,android,5,5,44ac822ca,44ac822ca,719a1da8f,2010-12-14T15:54:12Z,12,7,0,7,1419.534934,56.5,823.2052402,23.5,9,1,8,Java,88466,7,1164
71,https://github.com/geometer/FBReaderJ,android,0,0,b9b7f61ad,b9b7f61ad,2be8618de,2010-09-13T19:24:11Z,0,0,0,0,1613.492569,74,1018.528662,31,6,1,5,Java,85915,7,1072
72,https://github.com/geometer/FBReaderJ,android,10,11,a26d373a7,a42f9569d,ba3a86669,2014-04-27T10:07:11Z,166,193,96,97,604.2375887,0,475.2163121,0,27,13,14,Java,205447,7,2394
73,https://github.com/geometer/FBReaderJ,android,3,143,51dfc1222,1c2389366,26d28beec,2008-03-15T16:02:07Z,0,0,0,0,1889.702658,75.5,1277.94186,28.5,27,20,7,Java,20992,5,160
74,https://github.com/geometer/FBReaderJ,android,1,34,2bd62b9fe,bab88477f,849b45a23,2011-02-03T12:41:38Z,24,10,1,9,1413.339246,45,811.6674058,17,44,23,21,Java,94908,7,1215
75,https://github.com/geometer/FBReaderJ,android,0,20,9a477ffa8,4646d066a,009d535d6,2011-01-28T14:12:25Z,22,10,1,9,1414.710177,48,811.590708,19,24,13,11,Java,93589,7,1209
76,https://github.com/geometer/FBReaderJ,android,2,1943,681f42655,8cf3d51c9,8dd5af6ef,2013-05-01T19:27:19Z,106,133,71,62,748.9640719,0,549.3622754,0,31,18,13,Java,186463,7,2033
77,https://github.com/geometer/FBReaderJ,android,4,21,d7a6a7261,881d1a3c8,cd64b4e10,2007-12-11T00:21:50Z,0,0,0,0,2055.773984,102,1325.585366,33,33,12,21,Java,15373,5,65
78,https://github.com/geometer/FBReaderJ,android,0,145,2eadd95e2,a49f2abab,209b38e92,2008-03-23T19:34:41Z,0,0,0,0,1885.623333,71.5,1279.205,28,31,23,8,Java,25296,5,168
79,https://github.com/geometer/FBReaderJ,android,0,0,d206b8e58,d206b8e58,eec974206,2013-06-21T08:14:27Z,114,144,76,68,726.2018349,0,544.9602446,0,101,22,79,Java,193237,7,2084
80,https://github.com/geometer/FBReaderJ,android,23,23,eb8539c9c,eb8539c9c,249fef844,2012-10-05T22:01:27Z,83,75,37,38,799.717033,0,561.8763736,0,31,1,30,Java,177164,7,1825
81,https://github.com/geometer/FBReaderJ,android,3,31,2eadd95e2,362666949,fda5fdf26,2007-12-01T14:57:41Z,0,0,0,0,2078.191248,102,1337.132901,34,83,39,44,Java,9622,5,55
82,https://github.com/geometer/FBReaderJ,android,0,0,df76b8078,0472008a7,f36ed9490,2007-11-12T21:12:46Z,0,0,0,0,2089.652666,105,1347.245557,36,18,15,3,Java,5166,5,36
83,https://github.com/geometer/FBReaderJ,android,0,0,b9b7f61ad,b9b7f61ad,e7738a2a5,2010-09-14T10:46:45Z,0,0,0,0,1613.492569,74,1018.528662,31,13,1,12,Java,85935,7,1073
84,https://github.com/geometer/FBReaderJ,android,0,42,f04f763fb,2c4a41a45,e38a66fcd,2010-04-14T14:02:14Z,0,0,0,0,1683.26572,105,1096.653144,39,22,9,13,Java,78756,7,920
85,https://github.com/geometer/FBReaderJ,android,0,0,e50cd40ea,e50cd40ea,046e89d27,2010-04-07T09:41:31Z,0,0,0,0,1687.226721,108,1096.797571,40.5,29,1,28,Java,76148,7,913
86,https://github.com/geometer/FBReaderJ,android,90,90,26e3d749c,26e3d749c,2e138afe6,2010-03-10T21:51:44Z,0,0,0,0,1785.638554,119,1192.425703,44,2,1,1,Java,74030,7,885
87,https://github.com/geometer/FBReaderJ,android,2,2,7a8755641,7a8755641,2241f5112,2010-04-16T12:05:05Z,0,0,0,0,1683.26572,105,1096.653144,39,2,1,1,Java,79003,7,922
88,https://github.com/geometer/FBReaderJ,android,6,22,df4601c51,f96dcc41a,b0dd06d99,2010-05-18T09:01:16Z,0,0,0,0,1578.780738,93,993.5737705,35,22,3,19,Java,81865,7,954
89,https://github.com/geometer/FBReaderJ,android,3,400,3d95db3b5,c7f364020,945cb4053,2010-05-18T12:22:38Z,0,0,0,0,1578.780738,93,993.5737705,35,4,2,2,Java,81885,7,954
90,https://github.com/geometer/FBReaderJ,android,5,7,d7a6a7261,d04eafc31,65d31f9df,2007-11-27T11:45:02Z,0,0,0,0,2078.191248,102,1337.132901,34,14,7,7,Java,9042,5,51
91,https://github.com/geometer/FBReaderJ,android,5,344,4a7b74d9b,e98510fa5,f28986383,2010-05-19T20:40:17Z,0,0,0,0,1578.780738,93,993.5737705,35,6,3,3,Java,81885,7,955
92,https://github.com/jonasoreland/runnerup,android,0,0,355aee98,355aee98,f3ad09af,2014-11-04T18:32:51Z,33,117,14,103,623.0156863,21,490.145098,7,2,1,1,Java,29049,14,709
93,https://github.com/k9mail/k-9,android,5,382,5491dee81,27caf93e1,67437ad0d,2009-11-19T00:41:05Z,0,0,0,0,2647.756809,505.5,2396.373541,269,18,12,6,Java,43718,7,389
94,https://github.com/k9mail/k-9,android,18,18,959404cc6,959404cc6,5f96961cd,2009-11-09T03:52:59Z,0,0,0,0,2649.88932,509,2398.396117,270,13,4,9,Java,43601,7,379
95,https://github.com/k9mail/k-9,android,42,42,5491dee81,5491dee81,ec29561d8,2008-12-14T06:37:58Z,0,0,0,0,2476.446619,480.5,2221.580071,230.5,30,13,17,Java,32458,7,49
96,https://github.com/k9mail/k-9,android,42,42,5491dee81,5491dee81,dba525739,2008-12-14T06:23:03Z,0,0,0,0,2476.446619,480.5,2221.580071,230.5,28,12,16,Java,32448,7,49
97,https://github.com/k9mail/k-9,android,225,225,5491dee81,5491dee81,c6f6e995f,2009-06-15T05:04:03Z,0,0,0,0,2558.255597,483,2311.73694,235.5,9,3,6,Java,40841,7,232
98,https://github.com/k9mail/k-9,android,0,0,536133daf,536133daf,4a6f2e419,2009-05-14T00:09:43Z,0,0,0,0,2549.393715,481,2297.892791,233,2,1,1,Java,38600,7,200
99,https://github.com/k9mail/k-9,android,26,26,ee4ac0778,ee4ac0778,4ed1c8285,2009-05-05T03:15:07Z,0,0,0,0,2545.723247,483,2294.345018,234,2,1,1,Java,38394,7,191
100,https://github.com/k9mail/k-9,android,0,288,d5b9aec39,d85315222,1b6e9bd4b,2013-07-01T20:34:43Z,282,324,0,324,2883.270769,364,2751.753846,177,9,3,6,Java,107182,7,1709
101,https://github.com/k9mail/k-9,android,42,42,5491dee81,5491dee81,97d10d0d2,2008-12-14T06:18:24Z,0,0,0,0,2476.446619,480.5,2221.580071,230.5,16,2,14,Java,32445,7,49
102,https://github.com/k9mail/k-9,android,0,0,5491dee81,4f798ae9c,6cd5ce7de,2008-11-02T03:56:13Z,0,0,0,0,2555.68662,476.5,2331.582746,229,62,33,29,Java,30800,4,7
103,https://github.com/k9mail/k-9,android,53,53,29fdb81f9,29fdb81f9,8fa4223c3,2011-02-22T00:17:07Z,169,3,0,3,2472.727679,397.5,2186.575893,204.5,2,1,1,Java,95457,7,849
104,https://github.com/kontalk/androidclient,android,0,79,90a637edc,7f45d9446,019e961bd,2012-07-05T08:26:45Z,10,0,0,0,880.2917772,255,674.7851459,91,12,6,6,Java,24397,3,410
105,https://github.com/kontalk/androidclient,android,21,61,0e0cf0d0f,be1a5eb90,4b2929143,2011-07-29T10:07:04Z,0,0,0,0,877.0164319,259.5,641.084507,92.5,153,44,109,Java,7045,1,68
106,https://github.com/kontalk/androidclient,android,1,58,59cdfdf27,aa3c73b92,e8fc45750,2011-07-28T21:09:14Z,0,0,0,0,877.0164319,259.5,641.084507,92.5,82,29,53,Java,6998,1,67
107,https://github.com/kontalk/androidclient,android,2,329,1962caf71,45569d83d,5f91480c9,2015-06-01T11:21:13Z,46,447,47,400,511.4888889,202,261.0044444,72,54,24,30,Java,32925,5,1471
108,https://github.com/kontalk/androidclient,android,556,556,90907dc57,90907dc57,c08b7c023,2015-06-01T11:18:24Z,46,447,47,400,511.4888889,202,261.0044444,72,6,3,3,Java,32919,5,1471
109,https://github.com/kontalk/androidclient,android,1,1369,5d4f29605,7419757ee,0c06129b2,2015-03-01T17:56:35Z,39,322,33,289,518.4327731,227,262.605042,76,107,29,78,Java,28815,5,1379
110,https://github.com/MirakelX/mirakel-android,android,83,250,ab73cdd8,12156ba0,3c6805e9,2014-10-29T22:08:22Z,38,561,29,532,473.3476563,0,523.6757813,0,145,78,67,Java,6907,4,1662
111,https://github.com/MirakelX/mirakel-android,android,10,10,9a7727e4,9a7727e4,a07c1056,2014-07-13T20:04:10Z,31,498,24,474,608.9778598,0,606.904059,0,18,1,17,Java,2503,4,1554
112,https://github.com/MirakelX/mirakel-android,android,0,0,1310cc37,1310cc37,25895fe7,2014-07-04T22:26:16Z,29,493,24,469,610.2783883,0,605.040293,0,2,1,1,Java,11603,4,1545
113,https://github.com/MirakelX/mirakel-android,android,44,92,801fb763,4cb16255,39cea5c4,2014-05-25T17:48:18Z,26,459,15,444,783.6223022,0,768.5071942,0,23,5,18,Java,2242,3,1505
114,https://github.com/MirakelX/mirakel-android,android,96,223,c6ead04e,b4ac82ef,acd67223,2015-03-23T10:58:04Z,42,586,34,552,321.4978723,0,456.9957447,0,30,6,24,Java,16974,4,1807
115,https://github.com/MirakelX/mirakel-android,android,50,80,15d2e788,ca0e2f4a,4ee4361b,2015-03-14T12:11:05Z,42,586,34,552,328.2362869,0,455.2405063,0,36,13,23,Java,12846,4,1798
116,https://github.com/naman14/Timber,android,52,150,a1ae141,b3332e6,dc6e30e,2015-12-20T07:11:55Z,0,103,25,78,85.27040816,0,42.6122449,0,38,12,26,Java,19366,19,196
117,https://github.com/naman14/Timber,android,0,165,39e64d3,5349980,9837812,2015-12-20T12:24:08Z,0,103,25,78,85.27040816,0,42.6122449,0,250,40,210,Java,19771,19,196
118,https://github.com/open-keychain/open-keychain,android,160,166,f13953e8f,a655664c0,1144ebb94,2015-08-24T00:37:26Z,28,1500,55,1445,1298.126761,262,1036.680751,104,69,31,38,Java,78305,75,1968
119,https://github.com/open-keychain/open-keychain,android,0,1157,4f35355e8,0326bbce6,d14e0b2ed,2015-08-12T18:25:58Z,26,1479,52,1427,1388.669767,283,1069.567442,118,61,14,47,Java,76490,75,1956
120,https://github.com/osmandapp/Osmand,android,8,24,f9b0835949,bec84498d7,279f0b1575,2011-10-16T19:23:07Z,0,95,0,95,7536.731884,3628.5,5959.543478,1974,20,3,17,Java,121843,37,539
121,https://github.com/osmandapp/Osmand,android,6,162,ccdb7294f5,9d066711da,17d4467ec4,2011-10-15T10:44:39Z,0,94,0,94,7534.190361,3639,5954.73012,1975,35,17,18,Java,121820,37,538
122,https://github.com/osmandapp/Osmand,android,110,805,7bc162a878,1bfaf5e1c6,5b1aff575d,2015-07-03T09:30:54Z,0,1435,14,1421,6891.828054,4191,4734.235294,2091,9,2,7,Java,277005,56,1895
123,https://github.com/osmandapp/Osmand,android,0,0,1e85c0234d,1e85c0234d,007cf661a9,2012-11-10T20:55:29Z,0,347,0,347,6751.415042,3548,5516.292479,1844,10,4,6,Java,278746,56,930
124,https://github.com/osmandapp/Osmand,android,19,20,44218fbe0a,ccb1bcdfdb,06af098c61,2012-10-18T16:42:52Z,0,327,0,327,6756.48895,3540,5484.353591,1846,27,10,17,Java,251322,56,907
125,https://github.com/osmandapp/Osmand,android,0,25,ca5b481061,ca47dc056f,59f16364cd,2010-09-27T16:25:48Z,0,0,0,0,7392.260128,3430,5997.763326,1854,51,23,28,Java,103462,7,155
126,https://github.com/osmandapp/Osmand,android,1,201,7765383d85,5d335f5dab,413aad56a9,2016-03-31T13:09:25Z,0,2400,53,2347,7083.335165,4117.5,4659.17033,2048.5,12,2,10,Java,321748,56,2167
127,https://github.com/osmandapp/Osmand,android,0,1077,7bc162a878,d99692e429,e8e6ca2854,2016-03-31T09:04:00Z,0,2397,53,2344,7083.335165,4117.5,4659.17033,2048.5,88,46,42,Java,322210,56,2167
128,https://github.com/osmandapp/Osmand,android,23,23,496565d1d3,496565d1d3,3bc4414a85,2016-09-16T08:35:45Z,0,3086,133,2953,7038.303797,4227.5,4927.651899,2075.5,29,11,18,Java,393515,56,2336
129,https://github.com/osmandapp/Osmand,android,6,6,4652763b95,4652763b95,71d2137a06,2016-07-20T17:56:12Z,0,2845,104,2741,6944.108434,4227.5,4788.36747,2075.5,20,13,7,Java,372093,56,2278
130,https://github.com/osmandapp/Osmand,android,9,563,ccdb7294f5,8f96cdf1cd,174a9fd960,2012-11-19T22:11:57Z,0,364,0,364,6758.333333,3548,5529.747899,1844,78,34,44,Java,281836,56,939
131,https://github.com/osmandapp/Osmand,android,34,152,cd15a3b4a4,6b57c14326,f68d526bd2,2012-11-13T00:49:40Z,0,348,0,348,6747.432961,3540,5516.773743,1841,11,4,7,Java,280440,56,933
132,https://github.com/osmandapp/Osmand,android,62,435,4675cff6e6,b031026cc3,09e1c6589a,2013-09-02T22:44:31Z,0,527,0,527,6555.541139,3811,4680.28481,1871,91,48,43,Java,182766,56,1226
133,https://github.com/osmandapp/Osmand,android,144,144,bbfe2f7889,bbfe2f7889,4be2bf814f,2012-04-20T17:07:58Z,0,229,0,229,7566.409794,3694.5,6126.873711,1984,2,1,1,Java,186980,56,726
134,https://github.com/osmandapp/Osmand,android,114,196,f14194558d,129bdce53c,562447dc42,2012-03-20T01:01:15Z,0,200,0,200,7523.770408,3718.5,6087.617347,2004.5,8,3,5,Java,184042,56,695
135,https://github.com/owncloud/android,android,0,50,65523409c,3113c4590,15a2d8b8e,2012-07-09T07:23:42Z,0,0,0,0,2156.99734,708.5,1876.396277,396,9,3,6,Java,10233,4,330
136,https://github.com/QuantumBadger/RedReader,android,440,440,0304ae9,0304ae9,92393f2,2015-06-07T09:36:48Z,43,223,52,171,250.0178571,4.5,122.0357143,1,2,1,1,Java,25423,17,798
137,https://github.com/QuantumBadger/RedReader,android,410,788,fbe2668,df361fe,9055497,2015-06-02T20:07:00Z,43,222,52,170,248.9555556,5,121.5422222,1,73,8,65,Java,25473,17,793
138,https://github.com/QuantumBadger/RedReader,android,104,485,fbe2668,d8f0114,ddeda09,2014-08-03T13:03:36Z,32,154,41,113,260.7910448,7,129.9253731,1,85,60,25,Java,20902,17,490
139,https://github.com/QuantumBadger/RedReader,android,103,131,29e4b27,5bd56e5,12afdee,2014-08-02T08:25:50Z,32,153,41,112,263.33829,7,130.0594796,1,31,6,25,Java,20901,17,489
140,https://github.com/siacs/Conversations,android,257,257,e2f50ab8,e2f50ab8,b0c19d6b,2015-08-30T09:24:37Z,72,1376,30,1346,715.0471698,370.5,461.7169811,141,15,1,14,Java,43953,34,588
141,https://github.com/siacs/Conversations,android,6,6,a577ec7c,a577ec7c,a4e9f0c9,2015-06-04T14:26:51Z,56,1243,25,1218,737.1777778,408,468.1555556,161,4,2,2,Java,38934,34,501
142,https://github.com/siacs/Conversations,android,1,17,35f8ab58,c6440aab,cfc74e7c,2014-02-10T14:24:34Z,0,0,0,0,1132.829352,513,676.2081911,205,182,55,127,Java,4753,1,22
143,https://github.com/siacs/Conversations,android,37,211,8023210,1ac5be48,3d88ffc5,2014-10-08T10:21:58Z,27,526,6,520,1028.189189,450,615.4015444,165,7,2,5,Java,22692,34,262
144,https://github.com/siacs/Conversations,android,21,21,07e68730,07e68730,2b941d19,2014-09-03T13:39:35Z,24,417,6,411,1032.954545,456.5,617.5340909,175,12,4,8,Java,20067,34,227
145,https://github.com/SimpleMobileTools/Simple-Calendar,android,285,290,b7b77cf5,f490ddf1,3147be1d,2017-08-04T12:46:47Z,86,196,18,178,533.6517857,157.5,436.6071429,68.5,401,30,371,Kotlin,16009,26,558
146,https://github.com/tasks/tasks,android,15,63,8c9ed942f,056cbe549,927ea5403,2012-04-25T19:24:28Z,50,0,0,0,3177.909561,310,4125.408269,234,28,8,20,Java,306025,24,1221
147,https://github.com/tasks/tasks,android,132,301,d443ff850,f125bf24e,b5f525936,2012-04-24T21:04:28Z,50,0,0,0,3177.909561,310,4125.408269,234,24,4,20,Java,306050,24,1220
148,https://github.com/tasks/tasks,android,14,69,c6e0f746b,d0460079b,e5d30775a,2012-04-17T21:26:45Z,50,0,0,0,3174.324742,318.5,4116.739691,243,66,21,45,Java,305811,24,1213
149,https://github.com/tasks/tasks,android,79,79,e70d7e4cc,e70d7e4cc,8564e37b4,2012-04-17T20:38:23Z,50,0,0,0,3174.324742,318.5,4116.739691,243,2,1,1,Java,305798,24,1213
150,https://github.com/tasks/tasks,android,597,653,aa6f01e73,c16e24ca5,3956b340d,2012-05-18T23:45:42Z,52,0,0,0,2986.802083,309,4073.854167,230.5,14,7,7,Java,304716,25,1244
151,https://github.com/tasks/tasks,android,110,272,b9b8e47cd,282c619cf,d1b9a83b4,2012-05-17T00:59:51Z,50,0,0,0,2986.802083,309,4073.854167,230.5,20,13,7,Java,304612,25,1243
152,https://github.com/tasks/tasks,android,0,711,3e2897223,cd813a41d,e8b25e8fd,2013-01-18T23:28:37Z,73,0,0,0,2768.610315,246,4113.094556,161,70,7,63,Java,371177,25,1489
153,https://github.com/tasks/tasks,android,7,7,ecbce2bc5,ecbce2bc5,4fc58c8bb,2013-01-17T21:56:22Z,72,0,0,0,2768.610315,246,4113.094556,161,2,1,1,Java,371027,25,1488
154,https://github.com/tasks/tasks,android,3,18,4cda12b55,c5b92dcd9,836429d70,2010-05-06T05:49:43Z,0,0,0,0,5918.357143,506.5,5823.961224,312,291,88,203,Java,8355,1,501
155,https://github.com/tasks/tasks,android,10,181,94a57ce75,625434893,d07c00731,2011-07-19T20:05:12Z,37,0,0,0,4440.496487,413,4961.266979,285,77,22,55,Java,146412,18,940
156,https://github.com/TheAndroidMaster/Status,android,0,74,0f14aac,6efb260,1b9ed03,2016-09-18T18:18:37Z,14,0,0,0,161.2292994,0,109.0127389,0,324,35,289,Java,10807,2,77
157,https://github.com/TheAndroidMaster/Status,android,0,147,6435d1a,3260665,1f1cfb4,2016-12-03T17:29:51Z,20,0,0,0,139.9387755,0,103.1360544,0,27,8,19,Java,13608,3,153
158,https://github.com/theScrabi/NewPipe,android,32,49,73d61f17,2489c6c3,72e08c04,2015-10-23T21:08:01Z,5,57,0,57,1127.453659,549,726.3902439,311,264,42,222,Java,3586,8,54
159,https://github.com/ukanth/afwall,android,20,876,07dc411b,63bfae25,5d0c064d,2016-01-18T16:01:48Z,35,482,38,444,498.0520833,11,322.3072917,4.5,67,22,45,Java,30304,11,1184
160,https://github.com/ukanth/afwall,android,0,487,9b3d3127,e8b55572,0e323c1b,2015-09-25T14:47:21Z,32,433,32,401,470.645933,11,313.9760766,4,12,7,5,Java,31573,11,1069
161,https://github.com/ukanth/afwall,android,194,194,09f26214,09f26214,82c629b2,2015-09-11T17:28:16Z,31,424,28,396,469.1800948,15,312.7251185,5,2,1,1,Java,31386,11,1055
162,https://github.com/ukanth/afwall,android,25,910,af957672,58baea5d,2c0c32e9,2015-08-27T18:47:32Z,30,416,28,388,473.971831,15,336.1032864,5,188,85,103,Java,32775,11,1040
163,https://github.com/ukanth/afwall,android,16,873,47a9b692,8a6bf734,ecf9d8cb,2015-03-21T17:54:01Z,28,356,25,331,490.0847458,19,353.5,9,92,45,47,Java,29609,11,881
164,https://github.com/ukanth/afwall,android,0,501,1a84f880,b15c31f0,93b65ba8,2014-11-19T19:03:39Z,28,326,22,304,470.312253,11,330.6245059,4,15786,15766,20,Java,27471,11,759
165,https://github.com/ukanth/afwall,android,4,261,b15c31f0,da2d7674,762a70cb,2015-08-08T14:57:21Z,29,402,28,374,472.4074074,17,334.1990741,7,10,5,5,Java,32731,11,1021
166,https://github.com/ukanth/afwall,android,424,424,128be61a,128be61a,323cd254,2015-08-03T03:35:11Z,28,393,27,366,472.4074074,17,334.1990741,7,41,5,36,Java,32683,11,1016
167,https://github.com/ukanth/afwall,android,19,660,47a9b692,8c827e53,261a7b59,2014-08-21T02:47:44Z,28,309,18,291,658.462406,5.5,535.1804511,3,245,98,147,Java,28280,11,669
168,https://github.com/WhisperSystems/Signal-Android,android,169,383,0a8c62e0e,8f6590b73,37a52df4e,2014-02-26T20:31:56Z,42,789,0,789,4687.178694,1152,4229.817869,453,30,10,20,Java,62255,29,801
169,https://github.com/WhisperSystems/Signal-Android,android,90,90,44092a3ef,44092a3ef,559228af5,2014-02-24T22:19:43Z,40,623,0,623,4687.178694,1152,4229.817869,453,2,1,1,Java,61571,29,799
170,https://github.com/WhisperSystems/Signal-Android,android,0,0,db9656c70,db9656c70,900cbce84,2015-06-29T23:06:59Z,111,3483,2,3481,5207.39819,1049,4567.294118,418,13,5,8,Java,79467,29,1289
171,https://github.com/WhisperSystems/Signal-Android,android,414,1105,bbea3fe1b,c38a8aa69,e277f9f6d,2014-12-29T19:43:10Z,62,2265,0,2265,4880.825911,1152,4447.955466,447,6,2,4,Java,72054,29,1107
172,https://github.com/WhisperSystems/Signal-Android,android,0,114,819982af7,9a6f65988,d9d4ec9d9,2014-11-12T23:29:58Z,58,2082,0,2082,4855.744094,1141.5,4514.393701,461.5,47,15,32,Java,94244,29,1060
173,https://github.com/WhisperSystems/Signal-Android,android,89,185,d902c1294,27b5bf54c,e7b6a852c,2014-10-24T00:11:46Z,57,2024,0,2024,4967.019455,1152,4616.463035,463,60,29,31,Java,92406,29,1041
174,https://github.com/WhisperSystems/Signal-Android,android,0,583,a7cc47d25,aab34e491,da344a021,2014-02-24T01:11:10Z,39,600,0,600,4687.178694,1152,4229.817869,453,34,15,19,Java,59908,29,799
175,https://github.com/WhisperSystems/Signal-Android,android,3,3,9614dc905,9614dc905,aab34e491,2014-02-24T00:04:09Z,39,600,0,600,4687.178694,1152,4229.817869,453,29,14,15,Java,59904,29,799
176,https://github.com/WhisperSystems/Signal-Android,android,0,4,bb4a4d33c,948f88867,fb75d90ed,2014-02-18T06:04:08Z,39,593,0,593,4691.773973,1154.5,4221.294521,456.5,36,19,17,Java,58367,29,793
177,https://github.com/wordpress-mobile/WordPress-Android,android,490,720,dbf7750a8f,5ca0570a83,213e06c863,2015-09-09T23:11:18Z,84,3159,2,3157,5589.033175,3609,4519.417062,2294,76,30,46,Java,128152,68,2194
178,https://github.com/wordpress-mobile/WordPress-Android,android,20,20,dcedfab493,dcedfab493,24d9181c8a,2015-08-25T19:11:05Z,81,3096,2,3094,5559.431925,3601,4487.258216,2287,38,15,23,Java,127735,68,2179
179,https://github.com/wordpress-mobile/WordPress-Android,android,169,169,41e3b451b9,41e3b451b9,f6c04a799f,2014-07-30T22:39:28Z,50,1686,2,1684,5217.710037,3274,4258.695167,2294,4,1,3,Java,106177,48,1788
180,https://github.com/wordpress-mobile/WordPress-Android,android,0,0,899c4a97c1,899c4a97c1,b675c60224,2014-07-26T00:44:27Z,50,1669,2,1667,5262.674074,3291.5,4320.774074,2297.5,2,1,1,Java,105829,48,1784
181,https://github.com/wordpress-mobile/WordPress-Android,android,44,44,65863e83d2,65863e83d2,abb2ebcf74,2015-07-21T16:59:25Z,80,2996,2,2994,5496.004587,3512,4427.862385,2268,2,1,1,Java,123829,67,2144
182,https://github.com/wordpress-mobile/WordPress-Android,android,26,26,04c8298773,04c8298773,53ef0f9ee1,2015-07-20T19:44:15Z,79,2992,2,2990,5496.004587,3512,4427.862385,2268,2,1,1,Java,123726,67,2143
183,https://github.com/wordpress-mobile/WordPress-Android,android,0,146,dbf7750a8f,5e6fffab48,ae82ee5b6e,2014-02-13T11:08:42Z,29,850,2,848,5586.617747,3419,4687.798635,2414,212,90,122,Java,68644,43,1621
184,https://github.com/wordpress-mobile/WordPress-Android,android,8,32,07413a67c0,2223ee0ccc,fe319d271b,2013-12-27T21:30:04Z,25,591,2,589,5663.72,3470.5,4775.126667,2446.5,3,2,1,Java,69486,40,1573
185,https://github.com/wordpress-mobile/WordPress-Android,android,22,23,08bc738b4b,1e54351e01,e2d2aa6299,2013-12-05T16:08:09Z,24,401,2,399,5627.069307,3447,4752.016502,2442,51,16,35,Java,72368,39,1551
186,https://github.com/wordpress-mobile/WordPress-Android,android,244,482,5e8b03d8d6,91ee66e105,9eb5221c37,2015-05-06T19:29:24Z,73,2637,2,2635,5418.100437,3447,4405.423581,2294,28,5,23,Java,124228,67,2068
187,https://github.com/wordpress-mobile/WordPress-Android,android,96,144,6ba2a98733,c294c238e5,d5b3f03968,2015-08-25T17:36:01Z,81,3095,2,3093,5559.431925,3601,4487.258216,2287,12,5,7,Java,126705,68,2179
188,https://github.com/wordpress-mobile/WordPress-Android,android,16,16,d76785f64a,d76785f64a,fe9346ec0e,2015-08-22T00:16:00Z,81,3088,2,3086,5543.626168,3579.5,4474.775701,2280,6,4,2,Java,127403,68,2176
189,https://github.com/wordpress-mobile/WordPress-Android,android,0,301,c239840948,9e29a0fd88,4980f055da,2014-01-24T06:13:38Z,28,711,2,709,5592.878378,3456.5,4681.378378,2440,114,56,58,Java,63991,41,1601
190,https://github.com/wordpress-mobile/WordPress-Android,android,26,319,48a5f18a26,f8155d9fe8,7f5181f0d0,2014-01-21T15:18:46Z,27,688,2,686,5592.878378,3456.5,4681.378378,2440,87,46,41,Java,66048,41,1598
191,https://github.com/wordpress-mobile/WordPress-Android,android,459,459,58c948d79f,58c948d79f,acdcfdfb5a,2015-02-25T02:03:10Z,69,2369,2,2367,5330.359833,3447,4302.121339,2287,29,1,28,Java,116497,61,1998
192,https://github.com/wordpress-mobile/WordPress-Android,android,77,77,8aa77d2a50,8aa77d2a50,7db6780bc4,2013-12-05T00:51:05Z,24,399,2,397,5627.069307,3447,4752.016502,2442,30,18,12,Java,72104,39,1551
193,https://github.com/wordpress-mobile/WordPress-Android,android,14,14,86c054f958,86c054f958,102c9b9752,2013-11-26T16:16:57Z,24,370,2,368,5618.25,3433,4766.069079,2446.5,17,5,12,Java,71053,39,1542
194,https://github.com/wordpress-mobile/WordPress-Android,android,116,116,5069428a33,5069428a33,370775c234,2012-05-01T19:47:45Z,6,0,0,0,4883.953368,2939.5,4049.88342,2050.5,8,2,6,Java,35275,9,968
195,https://github.com/wordpress-mobile/WordPress-Android,android,82,82,f1ad283219,f1ad283219,c58ffbd952,2012-04-19T10:40:05Z,6,0,0,0,4859.095361,2918,4029.262887,2023.5,4,4,0,Java,35246,9,956
196,https://github.com/wordpress-mobile/WordPress-Android,android,218,218,9eaf958429,9eaf958429,1a254a55c3,2016-01-19T15:10:25Z,95,3622,2,3620,5873.4375,3796.5,4855.010417,2553.5,3,1,2,Java,148158,68,2326
197,https://github.com/wordpress-mobile/WordPress-Android,android,10,10,b3d66235e4,b3d66235e4,3f3b9ad29a,2015-12-15T11:56:02Z,92,3516,2,3514,5790.598985,3714,4753.746193,2536,2,1,1,Java,139902,68,2291
198,https://github.com/xsoh/Etar-Calendar,android,116,116,7b92da25,7b92da25,6663f369,2011-01-18T18:07:30Z,0,0,0,0,372.1125828,1,309.5496689,0,2,1,1,Java,36148,50,821
199,https://github.com/xsoh/Etar-Calendar,android,1098,1098,37960c09,37960c09,f3c1a42f,2017-01-28T18:27:23Z,12,0,0,0,53.77697842,0,42.98561151,0,2,1,1,Java,63050,52,3023
200,https://github.com/xsoh/Etar-Calendar,android,39,39,b21c638c,b21c638c,a044b42e,2013-04-22T19:59:45Z,0,0,0,0,111.2059701,0,69.1641791,0,6,4,2,Java,55951,52,1646
201,https://github.com/CatchChat/Yep,ios,2,2,3e85263e,3e85263e,3aa5e006,2015-10-28T14:42:31Z,0,1,0,1,651.6127451,0,461.1813725,0,2,1,1,Swift,26502,2,227
202,https://github.com/ChatSecure/ChatSecure-iOS,ios,15,205,ef72efc8,00f3ce5a,c8de12d0,2016-02-26T23:59:09Z,22,442,41,401,436.3262032,121,268.3529412,57,127,80,47,Objective-C,23894,7,1664
203,https://github.com/ChatSecure/ChatSecure-iOS,ios,47,761,d7bfe58f,2ac3c377,f2beb44e,2016-12-15T01:27:30Z,27,626,87,539,415.9241379,68,259.537931,38,93,55,38,Objective-C,27199,7,1957
204,https://github.com/ChatSecure/ChatSecure-iOS,ios,20,408,4920c895,e41c91e2,6ea9a173,2015-04-15T00:42:13Z,19,337,12,325,458.8793103,139,293.8318966,66,81,40,41,Objective-C,20448,7,1347
205,https://github.com/ChatSecure/ChatSecure-iOS,ios,8,187,7d61a33b,e6020ade,410231d2,2014-12-10T00:18:09Z,18,281,9,272,453.868,150,299.292,69,14,3,11,Objective-C,20049,7,1221
206,https://github.com/codecombat/codecombat-ios,ios,0,2,c534882,5fe61e1,a19347a,2014-09-01T19:03:59Z,0,36,30,6,80.84848485,0,45.54924242,0,52,7,45,C,30333,2,29
207,https://github.com/codecombat/codecombat-ios,ios,3,8,19c8334,b718578,a5657be,2014-09-05T01:48:00Z,0,36,30,6,80.84848485,0,45.54924242,0,11,4,7,C,30333,2,33
208,https://github.com/colloquy/colloquy,ios,0,0,a53dc104,a53dc104,cf9dcd28,2004-07-27T15:22:16Z,0,0,0,0,1672.840708,15,1450.667509,6,35,11,24,Objective-C,27027,1,520
209,https://github.com/colloquy/colloquy,ios,21,261,3efe87ee,0c004acb,20fa8f6b,2004-06-05T18:40:07Z,0,0,0,0,1672.007509,16,1442.415519,8,15,11,4,Objective-C,22548,1,468
210,https://github.com/colloquy/colloquy,ios,24,24,8fb1e15a,8fb1e15a,4663db32,2003-03-19T01:57:29Z,0,0,0,0,1663.523202,19,1443.167053,10.5,21,9,12,Objective-C,18893,1,24
211,https://github.com/colloquy/colloquy,ios,17,425,2881baaa,b695125b,314a3968,2004-04-23T17:11:32Z,0,0,0,0,1669.852174,17,1436.045963,9,311,169,142,Objective-C,19482,1,425
212,https://github.com/colloquy/colloquy,ios,0,196,2aae7043,02754dee,b78efca0,2004-04-17T03:21:50Z,0,0,0,0,1668.870968,17,1434.765509,9,92,53,39,Objective-C,19118,1,419
213,https://github.com/colloquy/colloquy,ios,0,2317,3efe87ee,c8803ec6,e792b96e,2010-01-21T00:04:29Z,0,2168,311,1857,1653.586139,0,1886.932673,0,5,4,1,Objective-C,170495,1,2524
214,https://github.com/colloquy/colloquy,ios,0,655,c719d9db,e12dfa99,16e7fb20,2010-09-25T22:52:35Z,0,2428,361,2067,1748.212766,0,2011.106383,0,31,18,13,Objective-C,174258,1,2771
215,https://github.com/colloquy/colloquy,ios,10,1795,dda95b09,04f35380,78313b5d,2013-11-13T03:26:33Z,0,3284,463,2821,2068.931373,0,2955.562092,0,22,15,7,Objective-C,210530,1,3916
216,https://github.com/colloquy/colloquy,ios,0,44,4ae7d781,14b397df,94bd7a7e,2005-03-09T03:09:06Z,0,97,3,94,1655.956522,8,1458.250329,4,284,31,253,Objective-C,39961,1,745
217,https://github.com/colloquy/colloquy,ios,24,24,42fc0095,42fc0095,91237267,2003-11-10T02:38:48Z,0,0,0,0,1663.85628,20.5,1478.571256,13,18,4,14,Objective-C,25315,1,260
218,https://github.com/colloquy/colloquy,ios,23,23,79970572,79970572,0a842772,2009-01-27T02:54:13Z,0,1653,204,1449,1586.845324,1.5,1735.406475,1,2,1,1,Objective-C,157436,1,2165
219,https://github.com/colloquy/colloquy,ios,244,1381,c78e49e2,30e51845,a09f634b,2007-08-29T06:47:02Z,0,1289,146,1143,1476.106349,1,1564.561905,0,20,14,6,Objective-C,146265,1,1648
220,https://github.com/colloquy/colloquy,ios,83,165,444d290c,49825964,fa856962,2004-03-01T03:14:08Z,0,0,0,0,1673.173645,19,1445.923645,9.5,24,13,11,Objective-C,21305,1,372
221,https://github.com/colloquy/colloquy,ios,13,13,8de52e54,8de52e54,606894f0,2010-08-07T22:07:23Z,0,2383,351,2032,1723.966457,0,1982.503145,0,8,4,4,Objective-C,174156,1,2722
222,https://github.com/colloquy/colloquy,ios,0,0,9d7103e2,9d7103e2,cfeea1c9,2009-05-05T04:41:22Z,0,1790,239,1551,1611.594096,1,1775.658672,0.5,2,1,1,Objective-C,160943,1,2263
223,https://github.com/colloquy/colloquy,ios,159,577,c71f1575,506f4f92,6b3f1e3b,2010-06-22T00:41:27Z,0,2310,346,1964,1703.871636,0,1958.898551,0,28,9,19,Objective-C,173925,1,2676
224,https://github.com/colloquy/colloquy,ios,4,4,e0032877,e0032877,4ff91c7b,2009-01-09T02:16:14Z,0,1564,189,1375,1588.391771,2,1733.561717,1,2,1,1,Objective-C,156701,1,2147
225,https://github.com/colloquy/colloquy,ios,0,0,f5078d67,f5078d67,491b717b,2008-12-06T21:15:05Z,0,1501,184,1317,1613.381206,2,1735.037234,2,4,4,0,Objective-C,151113,1,2113
226,https://github.com/colloquy/colloquy,ios,3,364,bda72008,ae1452d6,1cdb32e1,2009-07-12T02:38:59Z,0,1864,253,1611,1627.323308,0,1800.644737,0,121,56,65,Objective-C,162774,1,2331
227,https://github.com/colloquy/colloquy,ios,2,2,3b5f42d4,3b5f42d4,7abf3630,2013-01-24T02:28:44Z,0,3113,443,2670,1841.695402,0,2613.387931,0,4,1,3,Objective-C,209108,1,3623
228,https://github.com/colloquy/colloquy,ios,0,0,0bdcec91,0bdcec91,b9cd9a12,2013-01-18T10:08:14Z,0,3106,442,2664,1838.896848,0,2607.578797,0,30,4,26,Objective-C,208773,1,3617
229,https://github.com/colloquy/colloquy,ios,180,1720,c6d0b43d,1278aa30,6d602684,2013-08-18T09:33:05Z,0,3232,457,2775,1997.119497,0,2848.349057,0,34,23,11,Objective-C,210213,1,3829
230,https://github.com/colloquy/colloquy,ios,13,13,2147d064,2147d064,5a9b5c93,2013-02-16T11:31:27Z,0,3127,443,2684,1852.773913,0,2634.286957,0,7,2,5,Objective-C,209699,1,3646
231,https://github.com/colloquy/colloquy,ios,206,206,d1b3bc72,d1b3bc72,570cc294,2010-01-31T17:22:48Z,0,2179,315,1864,1652.94831,0,1889.578529,0,22,11,11,Objective-C,171243,1,2534
232,https://github.com/colloquy/colloquy,ios,0,203,45ca1c8c,50375fcc,22b1a3ba,2005-02-20T07:35:59Z,0,0,0,0,1667.060447,9,1462.345598,5,68,22,46,Objective-C,37256,1,728
233,https://github.com/colloquy/colloquy,ios,765,765,8fb1e15a,8fb1e15a,27dd675a,2005-03-29T06:38:59Z,0,199,11,188,1660.003968,7,1463.222222,4,9,1,8,Objective-C,41501,1,765
234,https://github.com/colloquy/colloquy,ios,0,172,f3d98df6,1e5ca87c,9cf191df,2004-10-25T04:32:07Z,0,0,0,0,1684.449871,11,1465.263496,5.5,125,20,105,Objective-C,30741,1,610
235,https://github.com/colloquy/colloquy,ios,0,0,b10c5fdb,b10c5fdb,d9fa741a,2005-12-19T00:20:38Z,0,686,43,643,1600.318942,4,1424.384401,2.5,3,2,1,Objective-C,50121,1,1030
236,https://github.com/colloquy/colloquy,ios,12,766,8fb1e15a,c639bdfe,da6a5647,2005-03-30T19:17:55Z,0,204,11,193,1660.003968,7,1463.222222,4,119,52,67,Objective-C,41513,1,766
237,https://github.com/colloquy/colloquy,ios,48,48,bf4548a7,bf4548a7,600fe631,2004-02-18T04:16:32Z,0,0,0,0,1670.753071,19,1442.697789,10,4,2,2,Objective-C,21229,1,360
238,https://github.com/colloquy/colloquy,ios,47,722,8fb1e15a,185575a6,d089044d,2005-02-14T04:57:07Z,0,0,0,0,1673.782152,9,1467.703412,5,18,17,1,Objective-C,36485,1,722
239,https://github.com/colloquy/colloquy,ios,74,74,185575a6,185575a6,55c35154,2005-03-13T13:38:22Z,0,118,3,115,1656.154354,8,1459.585752,4,4,2,2,Objective-C,40654,1,749
240,https://github.com/colloquy/colloquy,ios,3,731,8fb1e15a,d55c7a3e,f58a0684,2005-02-24T00:11:38Z,0,6,0,6,1667.060447,9,1462.345598,5,34,20,14,Objective-C,37538,1,732
241,https://github.com/colloquy/colloquy,ios,74,74,185575a6,185575a6,c70a8303,2005-03-13T13:57:25Z,0,118,3,115,1656.154354,8,1459.585752,4,4,1,3,Objective-C,40654,1,749
242,https://github.com/colloquy/colloquy,ios,178,178,f79b972e,f79b972e,b3f0a678,2005-08-11T13:53:39Z,0,547,30,517,1663.643148,5,1462.256445,3,2,1,1,Objective-C,45962,1,900
243,https://github.com/colloquy/colloquy,ios,0,0,d4a89975,d4a89975,8266d509,2005-03-13T12:38:54Z,0,117,3,114,1656.154354,8,1459.585752,4,2,1,1,Objective-C,40654,1,749
244,https://github.com/colloquy/colloquy,ios,25,129,3c3434df,185575a6,cc7fc158,2005-01-23T04:38:39Z,0,0,0,0,1688.244444,9,1478.045752,5,12,8,4,Objective-C,33104,1,700
245,https://github.com/colloquy/colloquy,ios,20,20,e3d5a560,e3d5a560,f3a7ba2f,2005-01-21T03:56:20Z,0,0,0,0,1694.144909,9.5,1479.908616,5,2,1,1,Objective-C,32934,1,698
246,https://github.com/colloquy/colloquy,ios,526,526,185575a6,185575a6,95b16f1b,2006-06-08T05:00:46Z,0,921,72,849,1635.193084,3,1450.099424,2,10,1,9,Objective-C,49434,1,1201
247,https://github.com/colloquy/colloquy,ios,0,306,8fb1e15a,6b5220e2,c2b0c392,2003-12-26T20:04:28Z,0,0,0,0,1665.16545,20,1431.800487,11.5,65,27,38,Objective-C,18512,1,306
248,https://github.com/colloquy/colloquy,ios,246,246,fbe847d0,fbe847d0,e4d13956,2006-06-09T04:35:04Z,0,930,72,858,1635.193084,3,1450.099424,2,13,6,7,Objective-C,49467,1,1202
249,https://github.com/colloquy/colloquy,ios,12,12,45770d06,45770d06,1d2a2fac,2004-04-09T13:06:31Z,0,0,0,0,1670.106568,17,1434.425031,9,21,9,12,Objective-C,17689,1,411
250,https://github.com/colloquy/colloquy,ios,69,430,444d290c,e8899902,9f3f1923,2004-11-21T16:42:04Z,0,0,0,0,1690.140827,10.5,1472.319121,5,22,11,11,Objective-C,30989,1,637
251,https://github.com/colloquy/colloquy,ios,2,3,d66314d3,c951c9a3,9fc3c919,2004-09-20T18:46:36Z,0,0,0,0,1676.537676,13,1456.489144,6,134,30,104,Objective-C,29378,1,575
252,https://github.com/colloquy/colloquy,ios,4,4,c951c9a3,c951c9a3,4bb92aaa,2004-09-21T20:53:56Z,0,0,0,0,1676.537676,13,1456.489144,6,10,2,8,Objective-C,29382,1,576
253,https://github.com/colloquy/colloquy,ios,0,683,1278aa30,7d696a32,0eca5000,2015-01-03T02:37:17Z,0,3450,487,2963,2365.1417,0,3401.149798,0,21,10,11,Objective-C,186367,1,4332
254,https://github.com/colloquy/colloquy,ios,4,174,d66314d3,57f6b135,6701f00d,2005-03-10T05:18:58Z,0,106,3,103,1655.956522,8,1458.250329,4,44,10,34,Objective-C,40092,1,746
255,https://github.com/colloquy/colloquy,ios,241,444,0416953d,185575a6,36d49812,2005-08-27T02:30:11Z,0,565,31,534,1659.741497,5,1460.727891,3,14,4,10,Objective-C,46904,1,916
256,https://github.com/colloquy/colloquy,ios,89,192,d66314d3,185575a6,0e89a1f0,2005-03-28T18:01:28Z,0,195,11,184,1660.003968,7,1463.222222,4,10,2,8,Objective-C,41495,1,764
257,https://github.com/colloquy/colloquy,ios,7,107,9a7ed95b,a8aae415,45770d06,2004-03-28T07:11:15Z,0,0,0,0,1670.555693,17.5,1433.902228,9,211,88,123,Objective-C,23284,1,399
258,https://github.com/colloquy/colloquy,ios,330,882,f79b972e,c1317a08,d24444e9,2007-07-17T00:26:08Z,0,1275,142,1133,1462.761006,1,1550.902516,0,38,18,20,Objective-C,146498,1,1605
259,https://github.com/herzbube/littlego,ios,251,251,ef7cc3c,ef7cc3c,616bd6a,2013-02-15T21:03:18Z,13,95,39,56,326.4057971,0,213.7507246,0,39,1,38,Objective-C,30458,1,754
260,https://github.com/herzbube/littlego,ios,0,258,8e23a3b,f728f23,0b83187,2013-12-08T01:58:33Z,17,188,70,118,233.2913907,0,146.897351,0,23,9,14,Objective-C,35713,1,1050
261,https://github.com/herzbube/littlego,ios,439,439,2012800,5e6067a,10e73b5,2012-11-23T19:38:11Z,10,0,0,0,380.8767507,0,242.9215686,0,82,3,79,Objective-C,24928,1,670
262,https://github.com/herzbube/littlego,ios,353,455,8f20a16,8dc7db1,b96fca3,2012-11-09T18:38:10Z,10,0,0,0,380.2869081,0,242.9415042,0,38,6,32,Objective-C,24862,1,656
263,https://github.com/herzbube/littlego,ios,18,353,716d923,8a37db3,42c7fb9,2012-11-22T20:08:22Z,10,0,0,0,380.8767507,0,242.9215686,0,53,2,51,Objective-C,24870,1,669
264,https://github.com/herzbube/littlego,ios,338,426,0a9cd9a,ade8f07,dce5b43,2012-11-21T23:31:51Z,10,0,0,0,380.8767507,0,242.9215686,0,365,247,118,Objective-C,24847,1,668
265,https://github.com/herzbube/littlego,ios,295,299,8ca1066,0674ac3,ca6b6de,2012-11-14T21:53:45Z,10,0,0,0,380.7960894,0,243.4804469,0,20,3,17,Objective-C,24917,1,661
266,https://github.com/herzbube/littlego,ios,154,447,515028f,965bd92,5b980bc,2012-06-10T22:40:03Z,9,0,0,0,379.0315789,0,234.8157895,0,129,13,116,Objective-C,21718,1,504
267,https://github.com/herzbube/littlego,ios,57,57,de85c9e,de85c9e,8aea24e,2016-08-21T14:22:11Z,22,294,95,199,108.4223602,0,36.14285714,0,10,2,8,Objective-C,43242,1,2037
268,https://github.com/herzbube/littlego,ios,18,18,4edb776,4edb776,1f706eb,2014-01-05T01:59:04Z,17,200,75,125,230.3657718,0,139.5234899,0,2,1,1,Objective-C,35082,1,1078
269,https://github.com/herzbube/littlego,ios,1,677,471f9b3,dd0e884,db544d1,2013-02-03T01:26:26Z,13,91,38,53,329.3699422,0,215.583815,0,41,19,22,Objective-C,29721,1,742
270,https://github.com/herzbube/littlego,ios,87,87,bb7f876,bb7f876,c52694f,2015-06-09T22:32:32Z,21,287,93,194,87.27678571,0,31.91964286,0,19,3,16,Objective-C,43263,1,1598
271,https://github.com/herzbube/littlego,ios,10,328,c3b5c28,f9535ae,ee31e76,2012-01-27T00:34:26Z,8,0,0,0,388.6525,0,239.4125,0,1276,263,1013,Objective-C,19987,1,369
272,https://github.com/herzbube/littlego,ios,1,304,db3616b,0674ac3,8d732bd,2012-01-25T02:43:45Z,8,0,0,0,388.6525,0,239.4125,0,294,81,213,Objective-C,19928,1,367
273,https://github.com/kiliankoe/ParkenDD,ios,31,31,48db0c5,48db0c5,5137978,2015-04-06T14:20:47Z,2,51,6,45,390.1974249,0,276.6609442,0,5,1,4,Swift,960,1,78
274,https://github.com/kiliankoe/ParkenDD,ios,0,0,0f5f40b,0f5f40b,551efe6,2015-03-31T14:10:18Z,2,48,6,42,464.8290598,0,399.5982906,0,9,3,6,Swift,1222,1,72
275,https://github.com/kiliankoe/ParkenDD,ios,210,210,557d182,557d182,3bbe870,2015-10-16T11:46:56Z,5,118,18,100,223.1262136,0,110.315534,0,2,1,1,Swift,2004,3,271
276,https://github.com/Lyndir/Gorillas,ios,0,0,be0c6d5,be0c6d5,174eaa9,2009-06-25T21:06:24Z,0,0,0,0,131.8897196,0,130.8373832,0,20,10,10,Objective-C,4780,1,207
277,https://github.com/Lyndir/Gorillas,ios,3,8,db5c42c,ed144da,52950c8,2009-06-25T21:06:18Z,0,0,0,0,131.8897196,0,130.8373832,0,114,38,76,Objective-C,2548,1,207
278,https://github.com/Lyndir/Gorillas,ios,0,95,db5c42c,e4398cf,a9c5766,2009-06-25T21:06:28Z,0,0,0,0,131.8897196,0,130.8373832,0,181,93,88,Objective-C,6217,1,207
279,https://github.com/mozilla-mobile/firefox-ios,ios,6,14,5f45d7b0d,658b6d03a,fc937d97a,2014-11-25T20:37:51Z,0,27,0,27,11233.82937,1166.5,10631.03968,609.5,60,3,57,Swift,33182,5,23
280,https://github.com/mozilla-mobile/firefox-ios,ios,0,0,1e7dcf8f4,e8b46da27,a5902b780,2014-11-25T19:38:01Z,0,25,0,25,11233.82937,1166.5,10631.03968,609.5,69,8,61,Swift,33157,5,23
281,https://github.com/mozilla-mobile/firefox-ios,ios,232,232,e666672ea,e666672ea,7f4b2c128,2016-11-09T21:01:13Z,61,2224,0,2224,6627.446667,824,12143.18,522.5,2,1,1,Swift,421143,67,738
282,https://github.com/mozilla-mobile/firefox-ios,ios,42,42,c4b40b0a7,c4b40b0a7,efb43ad94,2016-06-21T13:54:22Z,46,1917,0,1917,5955.6,816,10781.42941,508.5,4,1,3,Swift,415679,67,597
283,https://github.com/mozilla-mobile/firefox-ios,ios,0,59,f2559ffff,357258aaa,5a44eab87,2015-05-05T17:29:18Z,0,420,0,420,11770.44105,1087,11243.27074,581,55,4,51,Swift,52171,31,184
284,https://github.com/mozilla-mobile/firefox-ios,ios,3,3,27bd62536,27bd62536,93e723055,2016-02-16T17:26:48Z,9,1532,0,1532,5579.941489,872.5,9842.430851,509.5,51,1,50,Swift,175442,67,471
285,https://github.com/mumble-voip/mumble-iphoneos,ios,100,576,dd50cf1,b25eb22,9e60a38,2011-11-17T18:51:40Z,2,40,6,34,94.93170732,0,469.3097561,0,18,5,13,Objective-C,86231,1,683
286,https://github.com/mumble-voip/mumble-iphoneos,ios,4,537,e87de98,f83cf7f,9e51ec6,2011-11-24T23:26:55Z,2,40,6,34,78.57701711,0,125.405868,0,39,27,12,Objective-C,5825,1,690
287,https://github.com/wordpress-mobile/WordPress-iOS,ios,6,6,74194d4651,74194d4651,f6a0c920da,2008-07-30T17:47:51Z,1,0,0,0,10777.76632,1867,11259.41581,1111.5,18,7,11,Swift,8061,3,10
288,https://github.com/wordpress-mobile/WordPress-iOS,ios,4,4,6e4ff8585d,6e4ff8585d,6a4868d386,2009-06-22T22:57:11Z,6,0,0,0,11724.37009,2159,12248.30093,1322,36,18,18,Swift,13493,6,337
289,https://github.com/wordpress-mobile/WordPress-iOS,ios,8,8,b0c3b80d10,b0c3b80d10,d925a826cc,2012-06-29T13:35:01Z,26,0,0,0,16077.33333,3333.5,16955.58995,1948,6,3,3,Swift,68873,13,1440
290,https://github.com/wordpress-mobile/WordPress-iOS,ios,8,8,b0c3b80d10,b0c3b80d10,d52be61723,2012-06-29T20:48:35Z,26,0,0,0,16077.33333,3333.5,16955.58995,1948,10,5,5,Swift,68871,13,1440
291,https://github.com/wordpress-mobile/WordPress-iOS,ios,0,0,1fb1609325,1fb1609325,c82a3020f0,2013-04-20T02:02:15Z,37,3,0,3,17006.6756,3544,18105.83333,2066.5,23,6,17,Swift,86105,13,1735
292,https://github.com/wordpress-mobile/WordPress-iOS,ios,14,503,2e26e1c0bc,2.22E+24,aef1801163,2011-12-08T22:54:17Z,24,0,0,0,15116.39066,3034,15917.96069,1897,5,3,2,Swift,62053,13,1236
293,https://github.com/wordpress-mobile/WordPress-iOS,ios,24,206,e71e233883,41d0e1d13b,8644a1a7b4,2011-08-27T09:34:38Z,23,0,0,0,14630.74882,2921,15364.36493,1821,40,7,33,Swift,60963,13,1133
294,https://github.com/zgrossbart/bridges,ios,1,3,40cd0ba,50dcc56,3630521,2012-09-05T10:02:55Z,0,0,0,0,3523.442935,0,373.763587,0,251,41,210,Objective-C,50863,1,10